BELNR,BUZEI,LIFNR,GJAHR,DMBTR,BUKRS,AUGBL,KOART,AUGDT
6100000001,1,vendorID_0000,2018,298.0,companyID_0000,6100000001,K,20180329
6100000002,1,vendorID_0001,2018,557.0,companyID_0000,6100000002,K,20180308
6100000003,1,vendorID_0002,2018,76210.0,companyID_0000,6100000003,K,20180816
6100000004,1,vendorID_0003,2018,28.0,companyID_0000,6100000004,K,20180308
6100000005,1,vendorID_0003,2018,37.0,companyID_0000,6100000005,K,20180308
6100000006,1,vendorID_0003,2018,44.0,companyID_0000,6100000006,K,20180308
6100000007,1,vendorID_0000,2018,166.0,companyID_0000,6100000007,K,20180329
6100000008,1,vendorID_0004,2018,433.0,companyID_0000,6100000008,K,20180405
6100000009,1,vendorID_0004,2018,433.0,companyID_0000,6100000009,K,20180802
6100000010,1,vendorID_0005,2018,37819.0,companyID_0000,6100000010,K,20180223
6100000011,1,vendorID_0006,2018,3227.0,companyID_0000,6100000011,K,20180308
6100000012,1,vendorID_0007,2018,18186.0,companyID_0000,6100000012,K,20180222
6100000013,1,vendorID_0008,2018,1039.0,companyID_0000,6100000013,K,20180315
6100000014,1,vendorID_0009,2018,1668264.0,companyID_0000,6100000014,K,20180329
6100000015,1,vendorID_0009,2018,1668264.0,companyID_0000,6100000015,K,20181129
6100000016,1,vendorID_0010,2018,112583.0,companyID_0000,6100000016,K,20180412
6100000017,1,vendorID_0011,2018,320.0,companyID_0000,6100000017,K,20180329
6100000018,1,vendorID_0012,2018,857.0,companyID_0000,6100000018,K,20180215
6100000019,1,vendorID_0013,2018,17414.0,companyID_0000,6100000019,K,20180301
6100000020,1,vendorID_0013,2018,17414.0,companyID_0000,6100000020,K,20180419
6100000021,1,vendorID_0013,2018,17414.0,companyID_0000,6100000021,K,20180726
6100000022,1,vendorID_0013,2018,17414.0,companyID_0000,6100000022,K,20181004
6100000023,1,vendorID_0013,2018,17414.0,companyID_0000,6100000023,K,20181207
6100000024,1,vendorID_0014,2018,457836.0,companyID_0000,6100000024,K,20180323
6100000025,1,vendorID_0014,2018,457836.0,companyID_0000,6100000025,K,20180405
6100000026,1,vendorID_0014,2018,457836.0,companyID_0000,6100000026,K,20180509
6100000027,1,vendorID_0014,2018,457836.0,companyID_0000,6100000027,K,20180517
6100000028,1,vendorID_0014,2018,457836.0,companyID_0000,6100000028,K,20180607
6100000029,1,vendorID_0014,2018,457836.0,companyID_0000,6100000029,K,20180726
6100000030,1,vendorID_0014,2018,457836.0,companyID_0000,6100000030,K,20180802
6100000031,1,vendorID_0014,2018,457836.0,companyID_0000,6100000031,K,20180809
6100000032,1,vendorID_0014,2018,457836.0,companyID_0000,6100000032,K,20180906
6100000033,1,vendorID_0014,2018,457836.0,companyID_0000,6100000033,K,20181004
6100000034,1,vendorID_0014,2018,457836.0,companyID_0000,6100000034,K,20181115
6100000035,1,vendorID_0015,2018,405009.0,companyID_0000,6100000035,K,20180308
6100000036,1,vendorID_0015,2018,405009.0,companyID_0000,6100000036,K,20180405
6100000037,1,vendorID_0015,2018,405009.0,companyID_0000,6100000037,K,20180426
6100000038,1,vendorID_0015,2018,405009.0,companyID_0000,6100000038,K,20180509
6100000039,1,vendorID_0015,2018,405009.0,companyID_0000,6100000039,K,20180607
6100000040,1,vendorID_0015,2018,405009.0,companyID_0000,6100000040,K,20180705
6100000041,1,vendorID_0015,2018,405009.0,companyID_0000,6100000041,K,20180809
6100000042,1,vendorID_0015,2018,405009.0,companyID_0000,6100000042,K,20180906
6100000043,1,vendorID_0015,2018,405009.0,companyID_0000,6100000043,K,20181004
6100000044,1,vendorID_0015,2018,405009.0,companyID_0000,6100000044,K,20181105
6100000045,1,vendorID_0015,2018,405009.0,companyID_0000,6100000045,K,20181108
6100000046,1,vendorID_0015,2018,405009.0,companyID_0000,6100000046,K,20181207
6100000047,1,vendorID_0015,2019,405009.0,companyID_0000,6100000047,K,20190103
6100000048,1,vendorID_0015,2019,405009.0,companyID_0000,6100000048,K,20190110
6100000049,1,vendorID_0016,2018,372390.0,companyID_0000,6100000049,K,20180426
6100000050,1,vendorID_0016,2018,372390.0,companyID_0000,6100000050,K,20180524
6100000051,1,vendorID_0016,2018,372390.0,companyID_0000,6100000051,K,20180628
6100000052,1,vendorID_0016,2018,372390.0,companyID_0000,6100000052,K,20180802
6100000053,1,vendorID_0016,2018,372390.0,companyID_0000,6100000053,K,20180830
6100000054,1,vendorID_0016,2018,372390.0,companyID_0000,6100000054,K,20181004
6100000055,1,vendorID_0016,2019,372390.0,companyID_0000,6100000055,K,20190103
6100000056,1,vendorID_0016,2019,372390.0,companyID_0000,6100000056,K,20190104
6100000057,1,vendorID_0017,2018,950029.0,companyID_0000,6100000057,K,20180329
6100000058,1,vendorID_0017,2018,950029.0,companyID_0000,6100000058,K,20180410
6100000059,1,vendorID_0017,2018,950029.0,companyID_0000,6100000059,K,20180426
6100000060,1,vendorID_0017,2018,950029.0,companyID_0000,6100000060,K,20180524
6100000061,1,vendorID_0017,2018,950029.0,companyID_0000,6100000061,K,20180531
6100000062,1,vendorID_0017,2018,950029.0,companyID_0000,6100000062,K,20180628
6100000063,1,vendorID_0017,2018,950029.0,companyID_0000,6100000063,K,20180705
6100000064,1,vendorID_0017,2018,950029.0,companyID_0000,6100000064,K,20180726
6100000065,1,vendorID_0017,2018,950029.0,companyID_0000,6100000065,K,20180830
6100000066,1,vendorID_0017,2018,950029.0,companyID_0000,6100000066,K,20180928
6100000067,1,vendorID_0017,2018,950029.0,companyID_0000,6100000067,K,20181004
6100000068,1,vendorID_0017,2018,950029.0,companyID_0000,6100000068,K,20181011
6100000069,1,vendorID_0017,2018,950029.0,companyID_0000,6100000069,K,20181018
6100000070,1,vendorID_0017,2018,950029.0,companyID_0000,6100000070,K,20181026
6100000071,1,vendorID_0017,2018,950029.0,companyID_0000,6100000071,K,20181115
6100000072,1,vendorID_0017,2018,950029.0,companyID_0000,6100000072,K,20181129
6100000073,1,vendorID_0017,2019,950029.0,companyID_0000,6100000073,K,20190104
6100000074,1,vendorID_0016,2018,502814.0,companyID_0000,6100000074,K,20180705
6100000075,1,vendorID_0016,2018,502814.0,companyID_0000,6100000075,K,20180802
6100000076,1,vendorID_0016,2018,502814.0,companyID_0000,6100000076,K,20180830
6100000077,1,vendorID_0016,2018,502814.0,companyID_0000,6100000077,K,20181026
6100000078,1,vendorID_0016,2019,502814.0,companyID_0000,6100000078,K,20190103
6100000079,1,vendorID_0016,2019,502814.0,companyID_0000,6100000079,K,20190104
6100000080,1,vendorID_0018,2018,155884.0,companyID_0000,6100000080,K,20180222
6100000081,1,vendorID_0018,2018,155884.0,companyID_0000,6100000081,K,20180329
6100000082,1,vendorID_0018,2018,155884.0,companyID_0000,6100000082,K,20180426
6100000083,1,vendorID_0018,2018,155884.0,companyID_0000,6100000083,K,20180524
6100000084,1,vendorID_0018,2018,155884.0,companyID_0000,6100000084,K,20180705
6100000085,1,vendorID_0018,2018,155884.0,companyID_0000,6100000085,K,20180726
6100000086,1,vendorID_0018,2018,155884.0,companyID_0000,6100000086,K,20180830
6100000087,1,vendorID_0018,2018,155884.0,companyID_0000,6100000087,K,20180928
6100000088,1,vendorID_0018,2018,155884.0,companyID_0000,6100000088,K,20181101
6100000089,1,vendorID_0018,2018,155884.0,companyID_0000,6100000089,K,20181129
6100000090,1,vendorID_0018,2019,155884.0,companyID_0000,6100000090,K,20190104
6100000091,1,vendorID_0019,2018,277128.0,companyID_0000,6100000091,K,20180222
6100000092,1,vendorID_0019,2018,277128.0,companyID_0000,6100000092,K,20180329
6100000093,1,vendorID_0019,2018,277128.0,companyID_0000,6100000093,K,20180426
6100000094,1,vendorID_0019,2018,277128.0,companyID_0000,6100000094,K,20180531
6100000095,1,vendorID_0019,2018,277128.0,companyID_0000,6100000095,K,20180628
6100000096,1,vendorID_0019,2018,277128.0,companyID_0000,6100000096,K,20180726
6100000097,1,vendorID_0019,2018,277128.0,companyID_0000,6100000097,K,20180830
6100000098,1,vendorID_0019,2018,277128.0,companyID_0000,6100000098,K,20181004
6100000099,1,vendorID_0019,2018,277128.0,companyID_0000,6100000099,K,20181101
6100000100,1,vendorID_0020,2018,4312806.0,companyID_0000,6100000100,K,20180315
6100000101,1,vendorID_0020,2018,4312806.0,companyID_0000,6100000101,K,20180329
6100000102,1,vendorID_0020,2018,4312806.0,companyID_0000,6100000102,K,20180517
6100000103,1,vendorID_0020,2018,4312806.0,companyID_0000,6100000103,K,20180531
6100000104,1,vendorID_0020,2018,4312806.0,companyID_0000,6100000104,K,20180705
6100000105,1,vendorID_0020,2018,4312806.0,companyID_0000,6100000105,K,20180802
6100000106,1,vendorID_0020,2018,4312806.0,companyID_0000,6100000106,K,20180906
6100000107,1,vendorID_0020,2018,4312806.0,companyID_0000,6100000107,K,20180928
6100000108,1,vendorID_0020,2018,4312806.0,companyID_0000,6100000108,K,20181004
6100000109,1,vendorID_0020,2018,4312806.0,companyID_0000,6100000109,K,20181101
6100000110,1,vendorID_0020,2018,4312806.0,companyID_0000,6100000110,K,20181115
6100000111,1,vendorID_0020,2018,4312806.0,companyID_0000,6100000111,K,20181129
6100000112,1,vendorID_0020,2019,4312806.0,companyID_0000,6100000112,K,20190104
6100000113,1,vendorID_0021,2018,22251.0,companyID_0000,6100000113,K,20180308
6100000114,1,vendorID_0022,2018,58196.0,companyID_0000,6100000114,K,20180426
6100000115,1,vendorID_0022,2018,58196.0,companyID_0000,6100000115,K,20180524
6100000116,1,vendorID_0022,2018,58196.0,companyID_0000,6100000116,K,20180705
6100000117,1,vendorID_0022,2018,58196.0,companyID_0000,6100000117,K,20180726
6100000118,1,vendorID_0022,2018,58196.0,companyID_0000,6100000118,K,20180802
6100000119,1,vendorID_0022,2018,58196.0,companyID_0000,6100000119,K,20181213
6100000120,1,vendorID_0023,2018,1368.0,companyID_0000,6100000120,K,20180405
6100000121,1,vendorID_0024,2018,74.0,companyID_0000,6100000121,K,20180308
6100000122,1,vendorID_0024,2018,45.0,companyID_0000,6100000122,K,20180308
6100000123,1,vendorID_0025,2018,6754.0,companyID_0000,6100000123,K,20181004
6100000124,1,vendorID_0025,2018,6754.0,companyID_0000,6100000124,K,20181108
6100000125,1,vendorID_0025,2018,6754.0,companyID_0000,6100000125,K,20181207
6100000126,1,vendorID_0025,2019,6754.0,companyID_0000,6100000126,K,20190110
6100000127,1,vendorID_0025,2018,6754.0,companyID_0000,6100000127,K,20180405
6100000128,1,vendorID_0025,2018,6754.0,companyID_0000,6100000128,K,20180607
6100000129,1,vendorID_0025,2018,6754.0,companyID_0000,6100000129,K,20180705
6100000130,1,vendorID_0025,2018,6754.0,companyID_0000,6100000130,K,20180809
6100000131,1,vendorID_0025,2018,6754.0,companyID_0000,6100000131,K,20181025
6100000132,1,vendorID_0025,2018,6754.0,companyID_0000,6100000132,K,20181030
6100000133,1,vendorID_0003,2018,83.0,companyID_0000,6100000133,K,20180308
6100000134,1,vendorID_0003,2018,19.0,companyID_0000,6100000134,K,20180308
6100000135,1,vendorID_0003,2018,5.0,companyID_0000,6100000135,K,20180308
6100000136,1,vendorID_0012,2018,549.0,companyID_0000,6100000136,K,20180802
6100000137,1,vendorID_0011,2018,22.0,companyID_0000,6100000137,K,20180329
6100000138,1,vendorID_0003,2018,106.0,companyID_0000,6100000138,K,20180308
6100000139,1,vendorID_0006,2018,12852.0,companyID_0000,6100000139,K,20180607
6100000140,1,vendorID_0019,2018,277128.0,companyID_0000,6100000140,K,20180222
6100000141,1,vendorID_0019,2018,277128.0,companyID_0000,6100000141,K,20180329
6100000142,1,vendorID_0019,2018,277128.0,companyID_0000,6100000142,K,20180426
6100000143,1,vendorID_0019,2018,277128.0,companyID_0000,6100000143,K,20180524
6100000144,1,vendorID_0019,2018,277128.0,companyID_0000,6100000144,K,20180628
6100000145,1,vendorID_0019,2018,277128.0,companyID_0000,6100000145,K,20180726
6100000146,1,vendorID_0019,2018,277128.0,companyID_0000,6100000146,K,20180928
6100000147,1,vendorID_0019,2018,277128.0,companyID_0000,6100000147,K,20181108
6100000148,1,vendorID_0019,2018,277128.0,companyID_0000,6100000148,K,20181129
6100000149,1,vendorID_0021,2018,3065.0,companyID_0000,6100000149,K,20180308
6100000150,1,vendorID_0026,2018,6903.0,companyID_0000,6100000150,K,20180913
6100000151,1,vendorID_0027,2018,938.0,companyID_0000,6100000151,K,20180329
6100000152,1,vendorID_0027,2018,34.0,companyID_0000,6100000152,K,20180329
6100000153,1,vendorID_0027,2018,63.0,companyID_0000,6100000153,K,20180329
6100000154,1,vendorID_0028,2018,57.0,companyID_0000,6100000154,K,20180329
6100000155,1,vendorID_0029,2018,428.0,companyID_0000,6100000155,K,20180308
6100000156,1,vendorID_0029,2018,127.0,companyID_0000,6100000156,K,20180308
6100000157,1,vendorID_0030,2018,3464.0,companyID_0000,6100000157,K,20180405
6100000158,1,vendorID_0030,2018,3464.0,companyID_0000,6100000158,K,20180823
6100000159,1,vendorID_0030,2018,3464.0,companyID_0000,6100000159,K,20180823
6100000160,1,vendorID_0031,2018,260.0,companyID_0000,6100000160,K,20180208
6100000161,1,vendorID_0031,2018,45.0,companyID_0000,6100000161,K,20180208
6100000162,1,vendorID_0032,2018,181.0,companyID_0000,6100000162,K,20180329
6100000163,1,vendorID_0003,2018,646.0,companyID_0000,6100000163,K,20180308
6100000164,1,vendorID_0003,2018,49.0,companyID_0000,6100000164,K,20180308
6100000165,1,vendorID_0033,2018,173.0,companyID_0000,6100000165,K,20180208
6100000166,1,vendorID_0034,2018,649519.0,companyID_0000,6100000166,K,20180222
6100000167,1,vendorID_0034,2018,649519.0,companyID_0000,6100000167,K,20180227
6100000168,1,vendorID_0034,2018,649519.0,companyID_0000,6100000168,K,20180308
6100000169,1,vendorID_0034,2018,649519.0,companyID_0000,6100000169,K,20180315
6100000170,1,vendorID_0034,2018,649519.0,companyID_0000,6100000170,K,20180322
6100000171,1,vendorID_0034,2018,649519.0,companyID_0000,6100000171,K,20180329
6100000172,1,vendorID_0034,2018,649519.0,companyID_0000,6100000172,K,20180426
6100000173,1,vendorID_0034,2018,649519.0,companyID_0000,6100000173,K,20180426
6100000174,1,vendorID_0034,2018,649519.0,companyID_0000,6100000174,K,20180524
6100000175,1,vendorID_0034,2018,649519.0,companyID_0000,6100000175,K,20180528
6100000176,1,vendorID_0034,2018,649519.0,companyID_0000,6100000176,K,20180528
6100000177,1,vendorID_0034,2018,649519.0,companyID_0000,6100000177,K,20180528
6100000178,1,vendorID_0034,2018,649519.0,companyID_0000,6100000178,K,20180528
6100000179,1,vendorID_0034,2018,649519.0,companyID_0000,6100000179,K,20180531
6100000180,1,vendorID_0034,2018,649519.0,companyID_0000,6100000180,K,20180531
6100000181,1,vendorID_0034,2018,649519.0,companyID_0000,6100000181,K,20180531
6100000182,1,vendorID_0034,2018,649519.0,companyID_0000,6100000182,K,20180614
6100000183,1,vendorID_0034,2018,649519.0,companyID_0000,6100000183,K,20180628
6100000184,1,vendorID_0034,2018,649519.0,companyID_0000,6100000184,K,20180628
6100000185,1,vendorID_0034,2018,649519.0,companyID_0000,6100000185,K,20180705
6100000186,1,vendorID_0034,2018,649519.0,companyID_0000,6100000186,K,20180705
6100000187,1,vendorID_0034,2018,649519.0,companyID_0000,6100000187,K,20180726
6100000188,1,vendorID_0034,2018,649519.0,companyID_0000,6100000188,K,20180802
6100000189,1,vendorID_0034,2018,649519.0,companyID_0000,6100000189,K,20180817
6100000190,1,vendorID_0034,2018,649519.0,companyID_0000,6100000190,K,20180823
6100000191,1,vendorID_0034,2018,649519.0,companyID_0000,6100000191,K,20180823
6100000192,1,vendorID_0034,2018,649519.0,companyID_0000,6100000192,K,20180830
6100000193,1,vendorID_0034,2018,649519.0,companyID_0000,6100000193,K,20180920
6100000194,1,vendorID_0034,2018,649519.0,companyID_0000,6100000194,K,20180928
6100000195,1,vendorID_0034,2018,649519.0,companyID_0000,6100000195,K,20180928
6100000196,1,vendorID_0034,2018,649519.0,companyID_0000,6100000196,K,20181026
6100000197,1,vendorID_0034,2018,649519.0,companyID_0000,6100000197,K,20181026
6100000198,1,vendorID_0034,2018,649519.0,companyID_0000,6100000198,K,20181101
6100000199,1,vendorID_0034,2018,649519.0,companyID_0000,6100000199,K,20181122
6100000200,1,vendorID_0034,2018,649519.0,companyID_0000,6100000200,K,20181129
6100000201,1,vendorID_0034,2018,649519.0,companyID_0000,6100000201,K,20181129
6100000202,1,vendorID_0034,2018,649519.0,companyID_0000,6100000202,K,20181207
6100000203,1,vendorID_0034,2019,649519.0,companyID_0000,6100000203,K,20190103
6100000204,1,vendorID_0034,2019,649519.0,companyID_0000,6100000204,K,20190103
6100000205,1,vendorID_0034,2019,649519.0,companyID_0000,6100000205,K,20190110
6100000206,1,vendorID_0035,2018,828.0,companyID_0000,6100000206,K,20180315
6100000207,1,vendorID_0036,2018,412.0,companyID_0000,6100000207,K,20180509
6100000208,1,vendorID_0037,2018,2726.0,companyID_0000,6100000208,K,20180405
6100000209,1,vendorID_0029,2018,33.0,companyID_0000,6100000209,K,20180308
6100000210,1,vendorID_0027,2018,179.0,companyID_0000,6100000210,K,20180329
6100000211,1,vendorID_0027,2018,23.0,companyID_0000,6100000211,K,20180329
6100000212,1,vendorID_0027,2018,526.0,companyID_0000,6100000212,K,20180329
6100000213,1,vendorID_0027,2018,459.0,companyID_0000,6100000213,K,20180329
6100000214,1,vendorID_0040,2018,433012.0,companyID_0000,6100000214,K,20180222
6100000215,1,vendorID_0040,2018,433012.0,companyID_0000,6100000215,K,20180322
6100000216,1,vendorID_0040,2018,433012.0,companyID_0000,6100000216,K,20180426
6100000217,1,vendorID_0040,2018,433012.0,companyID_0000,6100000217,K,20180524
6100000218,1,vendorID_0040,2018,433012.0,companyID_0000,6100000218,K,20180628
6100000219,1,vendorID_0040,2018,433012.0,companyID_0000,6100000219,K,20180726
6100000220,1,vendorID_0040,2018,433012.0,companyID_0000,6100000220,K,20180816
6100000221,1,vendorID_0040,2018,433012.0,companyID_0000,6100000221,K,20180928
6100000222,1,vendorID_0040,2018,433012.0,companyID_0000,6100000222,K,20181026
6100000223,1,vendorID_0040,2018,433012.0,companyID_0000,6100000223,K,20181129
6100000224,1,vendorID_0040,2019,433012.0,companyID_0000,6100000224,K,20190104
6100000225,1,vendorID_0040,2019,433012.0,companyID_0000,6100000225,K,20190110
6100000226,1,vendorID_0040,2018,41569.0,companyID_0000,6100000226,K,20180222
6100000227,1,vendorID_0040,2018,41569.0,companyID_0000,6100000227,K,20180322
6100000228,1,vendorID_0040,2018,41569.0,companyID_0000,6100000228,K,20180426
6100000229,1,vendorID_0040,2018,41569.0,companyID_0000,6100000229,K,20180524
6100000230,1,vendorID_0040,2018,41569.0,companyID_0000,6100000230,K,20180628
6100000231,1,vendorID_0040,2018,41569.0,companyID_0000,6100000231,K,20180726
6100000232,1,vendorID_0040,2018,41569.0,companyID_0000,6100000232,K,20180816
6100000233,1,vendorID_0040,2018,41569.0,companyID_0000,6100000233,K,20180928
6100000234,1,vendorID_0040,2018,41569.0,companyID_0000,6100000234,K,20181026
6100000235,1,vendorID_0040,2018,277128.0,companyID_0000,6100000235,K,20180222
6100000236,1,vendorID_0040,2018,277128.0,companyID_0000,6100000236,K,20180322
6100000237,1,vendorID_0040,2018,277128.0,companyID_0000,6100000237,K,20180426
6100000238,1,vendorID_0040,2018,277128.0,companyID_0000,6100000238,K,20180607
6100000239,1,vendorID_0040,2018,277128.0,companyID_0000,6100000239,K,20180628
6100000240,1,vendorID_0040,2018,277128.0,companyID_0000,6100000240,K,20180726
6100000241,1,vendorID_0040,2018,277128.0,companyID_0000,6100000241,K,20181004
6100000242,1,vendorID_0040,2018,277128.0,companyID_0000,6100000242,K,20181026
6100000243,1,vendorID_0040,2018,277128.0,companyID_0000,6100000243,K,20181129
6100000244,1,vendorID_0040,2019,277128.0,companyID_0000,6100000244,K,20190104
6100000245,1,vendorID_0040,2019,277128.0,companyID_0000,6100000245,K,20190110
6100000246,1,vendorID_0040,2018,339481.0,companyID_0000,6100000246,K,20180222
6100000247,1,vendorID_0040,2018,339481.0,companyID_0000,6100000247,K,20180322
6100000248,1,vendorID_0040,2018,339481.0,companyID_0000,6100000248,K,20180426
6100000249,1,vendorID_0040,2018,339481.0,companyID_0000,6100000249,K,20180607
6100000250,1,vendorID_0040,2018,339481.0,companyID_0000,6100000250,K,20180628
6100000251,1,vendorID_0040,2018,339481.0,companyID_0000,6100000251,K,20180726
6100000252,1,vendorID_0040,2018,339481.0,companyID_0000,6100000252,K,20180830
6100000253,1,vendorID_0040,2018,339481.0,companyID_0000,6100000253,K,20180928
6100000254,1,vendorID_0040,2018,339481.0,companyID_0000,6100000254,K,20181026
6100000255,1,vendorID_0040,2018,339481.0,companyID_0000,6100000255,K,20181129
6100000256,1,vendorID_0040,2019,339481.0,companyID_0000,6100000256,K,20190104
6100000257,1,vendorID_0040,2019,339481.0,companyID_0000,6100000257,K,20190110
6100000258,1,vendorID_0040,2018,190525.0,companyID_0000,6100000258,K,20180222
6100000259,1,vendorID_0040,2018,190525.0,companyID_0000,6100000259,K,20180322
6100000260,1,vendorID_0040,2018,190525.0,companyID_0000,6100000260,K,20180426
6100000261,1,vendorID_0040,2018,190525.0,companyID_0000,6100000261,K,20180524
6100000262,1,vendorID_0040,2018,190525.0,companyID_0000,6100000262,K,20180628
6100000263,1,vendorID_0040,2018,190525.0,companyID_0000,6100000263,K,20180726
6100000264,1,vendorID_0040,2018,190525.0,companyID_0000,6100000264,K,20180816
6100000265,1,vendorID_0040,2018,190525.0,companyID_0000,6100000265,K,20180928
6100000266,1,vendorID_0040,2018,190525.0,companyID_0000,6100000266,K,20181026
6100000267,1,vendorID_0040,2018,190525.0,companyID_0000,6100000267,K,20181129
6100000268,1,vendorID_0040,2019,190525.0,companyID_0000,6100000268,K,20190104
6100000269,1,vendorID_0040,2019,190525.0,companyID_0000,6100000269,K,20190110
6100000270,1,vendorID_0040,2018,356802.0,companyID_0000,6100000270,K,20180222
6100000271,1,vendorID_0040,2018,356802.0,companyID_0000,6100000271,K,20180322
6100000272,1,vendorID_0040,2018,356802.0,companyID_0000,6100000272,K,20180426
6100000273,1,vendorID_0040,2018,356802.0,companyID_0000,6100000273,K,20180524
6100000274,1,vendorID_0040,2018,356802.0,companyID_0000,6100000274,K,20180628
6100000275,1,vendorID_0040,2018,356802.0,companyID_0000,6100000275,K,20180726
6100000276,1,vendorID_0040,2018,356802.0,companyID_0000,6100000276,K,20180816
6100000277,1,vendorID_0040,2018,356802.0,companyID_0000,6100000277,K,20180928
6100000278,1,vendorID_0040,2018,356802.0,companyID_0000,6100000278,K,20181026
6100000279,1,vendorID_0040,2018,356802.0,companyID_0000,6100000279,K,20181129
6100000280,1,vendorID_0040,2019,356802.0,companyID_0000,6100000280,K,20190104
6100000281,1,vendorID_0040,2019,356802.0,companyID_0000,6100000281,K,20190110
6100000282,1,vendorID_0040,2018,304840.0,companyID_0000,6100000282,K,20180222
6100000283,1,vendorID_0040,2018,304840.0,companyID_0000,6100000283,K,20180322
6100000284,1,vendorID_0040,2018,304840.0,companyID_0000,6100000284,K,20180426
6100000285,1,vendorID_0040,2018,304840.0,companyID_0000,6100000285,K,20180524
6100000286,1,vendorID_0040,2018,304840.0,companyID_0000,6100000286,K,20180628
6100000287,1,vendorID_0040,2018,304840.0,companyID_0000,6100000287,K,20180726
6100000288,1,vendorID_0040,2018,304840.0,companyID_0000,6100000288,K,20180816
6100000289,1,vendorID_0040,2018,304840.0,companyID_0000,6100000289,K,20180928
6100000290,1,vendorID_0040,2018,304840.0,companyID_0000,6100000290,K,20181026
6100000291,1,vendorID_0040,2018,304840.0,companyID_0000,6100000291,K,20181129
6100000292,1,vendorID_0040,2019,304840.0,companyID_0000,6100000292,K,20190104
6100000293,1,vendorID_0040,2019,304840.0,companyID_0000,6100000293,K,20190110
6100000294,1,vendorID_0040,2018,259807.0,companyID_0000,6100000294,K,20180301
6100000295,1,vendorID_0040,2018,259807.0,companyID_0000,6100000295,K,20180517
6100000296,1,vendorID_0040,2018,259807.0,companyID_0000,6100000296,K,20180524
6100000297,1,vendorID_0040,2018,259807.0,companyID_0000,6100000297,K,20180607
6100000298,1,vendorID_0040,2018,259807.0,companyID_0000,6100000298,K,20180628
6100000299,1,vendorID_0040,2018,259807.0,companyID_0000,6100000299,K,20180726
6100000300,1,vendorID_0040,2018,259807.0,companyID_0000,6100000300,K,20181011
6100000301,1,vendorID_0040,2018,259807.0,companyID_0000,6100000301,K,20181026
6100000302,1,vendorID_0040,2019,259807.0,companyID_0000,6100000302,K,20190104
6100000303,1,vendorID_0040,2019,259807.0,companyID_0000,6100000303,K,20190110
6100000304,1,vendorID_0040,2018,207846.0,companyID_0000,6100000304,K,20180222
6100000305,1,vendorID_0040,2018,207846.0,companyID_0000,6100000305,K,20180322
6100000306,1,vendorID_0040,2018,207846.0,companyID_0000,6100000306,K,20180426
6100000307,1,vendorID_0040,2018,207846.0,companyID_0000,6100000307,K,20180524
6100000308,1,vendorID_0040,2018,207846.0,companyID_0000,6100000308,K,20180628
6100000309,1,vendorID_0040,2018,207846.0,companyID_0000,6100000309,K,20180726
6100000310,1,vendorID_0040,2018,207846.0,companyID_0000,6100000310,K,20180816
6100000311,1,vendorID_0040,2018,207846.0,companyID_0000,6100000311,K,20180928
6100000312,1,vendorID_0040,2018,207846.0,companyID_0000,6100000312,K,20181026
6100000313,1,vendorID_0040,2018,207846.0,companyID_0000,6100000313,K,20181129
6100000314,1,vendorID_0040,2019,207846.0,companyID_0000,6100000314,K,20190104
6100000315,1,vendorID_0040,2019,207846.0,companyID_0000,6100000315,K,20190110
6100000316,1,vendorID_0040,2018,294448.0,companyID_0000,6100000316,K,20180222
6100000317,1,vendorID_0040,2018,294448.0,companyID_0000,6100000317,K,20180322
6100000318,1,vendorID_0040,2018,294448.0,companyID_0000,6100000318,K,20180426
6100000319,1,vendorID_0040,2018,294448.0,companyID_0000,6100000319,K,20180524
6100000320,1,vendorID_0040,2018,294448.0,companyID_0000,6100000320,K,20180628
6100000321,1,vendorID_0040,2018,294448.0,companyID_0000,6100000321,K,20180726
6100000322,1,vendorID_0040,2018,294448.0,companyID_0000,6100000322,K,20180816
6100000323,1,vendorID_0040,2018,294448.0,companyID_0000,6100000323,K,20180928
6100000324,1,vendorID_0040,2018,294448.0,companyID_0000,6100000324,K,20181101
6100000325,1,vendorID_0040,2018,294448.0,companyID_0000,6100000325,K,20181207
6100000326,1,vendorID_0040,2019,294448.0,companyID_0000,6100000326,K,20190104
6100000327,1,vendorID_0040,2019,294448.0,companyID_0000,6100000327,K,20190110
6100000328,1,vendorID_0040,2018,259807.0,companyID_0000,6100000328,K,20180301
6100000329,1,vendorID_0040,2018,259807.0,companyID_0000,6100000329,K,20180322
6100000330,1,vendorID_0040,2018,259807.0,companyID_0000,6100000330,K,20180426
6100000331,1,vendorID_0040,2018,259807.0,companyID_0000,6100000331,K,20180518
6100000332,1,vendorID_0040,2018,259807.0,companyID_0000,6100000332,K,20180628
6100000333,1,vendorID_0040,2018,259807.0,companyID_0000,6100000333,K,20180726
6100000334,1,vendorID_0040,2018,259807.0,companyID_0000,6100000334,K,20180816
6100000335,1,vendorID_0040,2018,259807.0,companyID_0000,6100000335,K,20180928
6100000336,1,vendorID_0040,2018,259807.0,companyID_0000,6100000336,K,20181026
6100000337,1,vendorID_0040,2018,259807.0,companyID_0000,6100000337,K,20181129
6100000338,1,vendorID_0040,2019,259807.0,companyID_0000,6100000338,K,20190105
6100000339,1,vendorID_0040,2019,259807.0,companyID_0000,6100000339,K,20190110
6100000340,1,vendorID_0040,2018,381051.0,companyID_0000,6100000340,K,20180222
6100000341,1,vendorID_0040,2018,381051.0,companyID_0000,6100000341,K,20180322
6100000342,1,vendorID_0040,2018,381051.0,companyID_0000,6100000342,K,20180426
6100000343,1,vendorID_0040,2018,381051.0,companyID_0000,6100000343,K,20180607
6100000344,1,vendorID_0040,2018,381051.0,companyID_0000,6100000344,K,20180628
6100000345,1,vendorID_0040,2018,381051.0,companyID_0000,6100000345,K,20180726
6100000346,1,vendorID_0040,2018,381051.0,companyID_0000,6100000346,K,20180830
6100000347,1,vendorID_0040,2018,381051.0,companyID_0000,6100000347,K,20180928
6100000348,1,vendorID_0040,2018,381051.0,companyID_0000,6100000348,K,20181026
6100000349,1,vendorID_0040,2018,381051.0,companyID_0000,6100000349,K,20181129
6100000350,1,vendorID_0040,2019,381051.0,companyID_0000,6100000350,K,20190104
6100000351,1,vendorID_0040,2019,381051.0,companyID_0000,6100000351,K,20190110
6100000352,1,vendorID_0040,2018,495366.0,companyID_0000,6100000352,K,20180222
6100000353,1,vendorID_0040,2018,495366.0,companyID_0000,6100000353,K,20180322
6100000354,1,vendorID_0040,2018,495366.0,companyID_0000,6100000354,K,20180426
6100000355,1,vendorID_0040,2018,495366.0,companyID_0000,6100000355,K,20180524
6100000356,1,vendorID_0040,2018,495366.0,companyID_0000,6100000356,K,20180628
6100000357,1,vendorID_0040,2018,495366.0,companyID_0000,6100000357,K,20180726
6100000358,1,vendorID_0040,2018,495366.0,companyID_0000,6100000358,K,20180830
6100000359,1,vendorID_0040,2018,495366.0,companyID_0000,6100000359,K,20180928
6100000360,1,vendorID_0040,2018,495366.0,companyID_0000,6100000360,K,20181101
6100000361,1,vendorID_0040,2018,495366.0,companyID_0000,6100000361,K,20181129
6100000362,1,vendorID_0040,2019,495366.0,companyID_0000,6100000362,K,20190103
6100000363,1,vendorID_0040,2019,495366.0,companyID_0000,6100000363,K,20190110
6100000364,1,vendorID_0040,2018,242487.0,companyID_0000,6100000364,K,20180222
6100000365,1,vendorID_0040,2018,242487.0,companyID_0000,6100000365,K,20180322
6100000366,1,vendorID_0040,2018,242487.0,companyID_0000,6100000366,K,20180426
6100000367,1,vendorID_0040,2018,242487.0,companyID_0000,6100000367,K,20180524
6100000368,1,vendorID_0040,2018,242487.0,companyID_0000,6100000368,K,20180628
6100000369,1,vendorID_0040,2018,242487.0,companyID_0000,6100000369,K,20180726
6100000370,1,vendorID_0040,2018,242487.0,companyID_0000,6100000370,K,20180816
6100000371,1,vendorID_0040,2018,242487.0,companyID_0000,6100000371,K,20181004
6100000372,1,vendorID_0040,2018,242487.0,companyID_0000,6100000372,K,20181026
6100000373,1,vendorID_0040,2019,242487.0,companyID_0000,6100000373,K,20190110
6100000374,1,vendorID_0040,2018,207846.0,companyID_0000,6100000374,K,20180222
6100000375,1,vendorID_0040,2018,207846.0,companyID_0000,6100000375,K,20180322
6100000376,1,vendorID_0040,2018,207846.0,companyID_0000,6100000376,K,20180509
6100000377,1,vendorID_0040,2018,207846.0,companyID_0000,6100000377,K,20180518
6100000378,1,vendorID_0040,2018,207846.0,companyID_0000,6100000378,K,20180703
6100000379,1,vendorID_0040,2018,207846.0,companyID_0000,6100000379,K,20180705
6100000380,1,vendorID_0040,2018,207846.0,companyID_0000,6100000380,K,20180726
6100000381,1,vendorID_0040,2018,207846.0,companyID_0000,6100000381,K,20180816
6100000382,1,vendorID_0040,2018,207846.0,companyID_0000,6100000382,K,20181105
6100000383,1,vendorID_0040,2018,207846.0,companyID_0000,6100000383,K,20181207
6100000384,1,vendorID_0040,2018,346410.0,companyID_0000,6100000384,K,20180222
6100000385,1,vendorID_0040,2018,346410.0,companyID_0000,6100000385,K,20180329
6100000386,1,vendorID_0040,2018,346410.0,companyID_0000,6100000386,K,20180426
6100000387,1,vendorID_0040,2018,346410.0,companyID_0000,6100000387,K,20180524
6100000388,1,vendorID_0040,2018,346410.0,companyID_0000,6100000388,K,20180628
6100000389,1,vendorID_0040,2018,346410.0,companyID_0000,6100000389,K,20180726
6100000390,1,vendorID_0040,2018,346410.0,companyID_0000,6100000390,K,20180816
6100000391,1,vendorID_0040,2018,346410.0,companyID_0000,6100000391,K,20181004
6100000392,1,vendorID_0040,2018,346410.0,companyID_0000,6100000392,K,20181026
6100000393,1,vendorID_0040,2018,346410.0,companyID_0000,6100000393,K,20181129
6100000394,1,vendorID_0040,2019,346410.0,companyID_0000,6100000394,K,20190104
6100000395,1,vendorID_0040,2019,346410.0,companyID_0000,6100000395,K,20190110
6100000396,1,vendorID_0000,2018,83.0,companyID_0000,6100000396,K,20180329
6100000397,1,vendorID_0029,2018,132.0,companyID_0000,6100000397,K,20180308
6100000398,1,vendorID_0028,2018,147.0,companyID_0000,6100000398,K,20180329
6100000399,1,vendorID_0041,2018,51.0,companyID_0000,6100000399,K,20180308
6100000400,1,vendorID_0041,2018,159.0,companyID_0000,6100000400,K,20180308
6100000401,1,vendorID_0042,2018,86.0,companyID_0000,6100000401,K,20180405
6100000402,1,vendorID_0043,2018,5897.0,companyID_0000,6100000402,K,20180420
6100000403,1,vendorID_0043,2018,5897.0,companyID_0000,6100000403,K,20180426
6100000404,1,vendorID_0027,2018,141.0,companyID_0000,6100000404,K,20180329
6100000405,1,vendorID_0027,2018,113.0,companyID_0000,6100000405,K,20180329
6100000406,1,vendorID_0027,2018,121.0,companyID_0000,6100000406,K,20180329
6100000407,1,vendorID_0035,2018,362.0,companyID_0000,6100000407,K,20180322
6100000408,1,vendorID_0044,2018,60.0,companyID_0000,6100000408,K,20180308
6100000409,1,vendorID_0044,2018,60.0,companyID_0000,6100000409,K,20180509
6100000410,1,vendorID_0044,2018,60.0,companyID_0000,6100000410,K,20180705
6100000411,1,vendorID_0045,2018,710.0,companyID_0000,6100000411,K,20180308
6100000412,1,vendorID_0045,2018,124.0,companyID_0000,6100000412,K,20180308
6100000413,1,vendorID_0000,2018,98.0,companyID_0000,6100000413,K,20180329
6100000414,1,vendorID_0000,2018,88.0,companyID_0000,6100000414,K,20180329
6100000415,1,vendorID_0000,2018,65.0,companyID_0000,6100000415,K,20180329
6100000416,1,vendorID_0046,2018,418.0,companyID_0000,6100000416,K,20180223
6100000417,1,vendorID_0027,2018,41.0,companyID_0000,6100000417,K,20180329
6100000418,1,vendorID_0003,2018,40.0,companyID_0000,6100000418,K,20180308
6100000419,1,vendorID_0003,2018,31.0,companyID_0000,6100000419,K,20180308
6100000420,1,vendorID_0021,2018,12834.0,companyID_0000,6100000420,K,20180405
6100000421,1,vendorID_0047,2018,34641.0,companyID_0000,6100000421,K,20180426
6100000422,1,vendorID_0048,2018,967.0,companyID_0000,6100000422,K,20180222
6100000423,1,vendorID_0049,2018,5629.0,companyID_0000,6100000423,K,20180329
6100000424,1,vendorID_0051,2018,5868.0,companyID_0000,6100000424,K,20180412
6100000425,1,vendorID_0027,2018,41.0,companyID_0000,6100000425,K,20180329
6100000426,1,vendorID_0000,2018,103.0,companyID_0000,6100000426,K,20180329
6100000427,1,vendorID_0027,2018,43.0,companyID_0000,6100000427,K,20180329
6100000428,1,vendorID_0052,2018,11353.0,companyID_0000,6100000428,K,20180315
6100000429,1,vendorID_0052,2018,11353.0,companyID_0000,6100000429,K,20181105
6100000430,1,vendorID_0052,2018,11353.0,companyID_0000,6100000430,K,20181129
6100000431,1,vendorID_0048,2018,74.0,companyID_0000,6100000431,K,20180222
6100000432,1,vendorID_0048,2018,102.0,companyID_0000,6100000432,K,20180222
6100000433,1,vendorID_0048,2018,167.0,companyID_0000,6100000433,K,20180222
6100000434,1,vendorID_0003,2018,46.0,companyID_0000,6100000434,K,20180308
6100000435,1,vendorID_0053,2018,7815013.0,companyID_0000,6100000435,K,20180222
6100000436,1,vendorID_0053,2018,7815013.0,companyID_0000,6100000436,K,20180329
6100000437,1,vendorID_0053,2018,7815013.0,companyID_0000,6100000437,K,20180426
6100000438,1,vendorID_0053,2018,7815013.0,companyID_0000,6100000438,K,20180426
6100000439,1,vendorID_0053,2018,7815013.0,companyID_0000,6100000439,K,20180524
6100000440,1,vendorID_0053,2018,7815013.0,companyID_0000,6100000440,K,20180628
6100000441,1,vendorID_0053,2018,7815013.0,companyID_0000,6100000441,K,20180705
6100000442,1,vendorID_0053,2018,7815013.0,companyID_0000,6100000442,K,20180709
6100000443,1,vendorID_0053,2018,7815013.0,companyID_0000,6100000443,K,20180712
6100000444,1,vendorID_0053,2018,7815013.0,companyID_0000,6100000444,K,20180726
6100000445,1,vendorID_0053,2018,7815013.0,companyID_0000,6100000445,K,20180726
6100000446,1,vendorID_0053,2018,7815013.0,companyID_0000,6100000446,K,20180802
6100000447,1,vendorID_0053,2018,7815013.0,companyID_0000,6100000447,K,20180816
6100000448,1,vendorID_0053,2018,7815013.0,companyID_0000,6100000448,K,20180830
6100000449,1,vendorID_0053,2018,7815013.0,companyID_0000,6100000449,K,20180903
6100000450,1,vendorID_0053,2018,7815013.0,companyID_0000,6100000450,K,20180906
6100000451,1,vendorID_0053,2018,7815013.0,companyID_0000,6100000451,K,20180928
6100000452,1,vendorID_0053,2018,7815013.0,companyID_0000,6100000452,K,20180928
6100000453,1,vendorID_0053,2018,7815013.0,companyID_0000,6100000453,K,20181004
6100000454,1,vendorID_0053,2018,7815013.0,companyID_0000,6100000454,K,20181011
6100000455,1,vendorID_0053,2018,7815013.0,companyID_0000,6100000455,K,20181026
6100000456,1,vendorID_0053,2018,7815013.0,companyID_0000,6100000456,K,20181105
6100000457,1,vendorID_0053,2018,7815013.0,companyID_0000,6100000457,K,20181105
6100000458,1,vendorID_0053,2018,7815013.0,companyID_0000,6100000458,K,20181106
6100000459,1,vendorID_0053,2018,7815013.0,companyID_0000,6100000459,K,20181106
6100000460,1,vendorID_0053,2018,7815013.0,companyID_0000,6100000460,K,20181107
6100000461,1,vendorID_0053,2018,7815013.0,companyID_0000,6100000461,K,20181121
6100000462,1,vendorID_0053,2018,7815013.0,companyID_0000,6100000462,K,20181121
6100000463,1,vendorID_0053,2018,7815013.0,companyID_0000,6100000463,K,20181129
6100000464,1,vendorID_0054,2018,19875.0,companyID_0000,6100000464,K,20180426
6100000465,1,vendorID_0019,2018,132664.0,companyID_0000,6100000465,K,20180628
6100000466,1,vendorID_0019,2018,132664.0,companyID_0000,6100000466,K,20180726
6100000467,1,vendorID_0019,2018,132664.0,companyID_0000,6100000467,K,20180830
6100000468,1,vendorID_0019,2018,132664.0,companyID_0000,6100000468,K,20181026
6100000469,1,vendorID_0028,2018,293.0,companyID_0000,6100000469,K,20180329
6100000470,1,vendorID_0029,2018,226.0,companyID_0000,6100000470,K,20180405
6100000471,1,vendorID_0056,2018,53065.0,companyID_0000,6100000471,K,20180308
6100000472,1,vendorID_0057,2018,1160.0,companyID_0000,6100000472,K,20180405
6100000473,1,vendorID_0058,2018,12470.0,companyID_0000,6100000473,K,20180329
6100000474,1,vendorID_0059,2018,34145.0,companyID_0000,6100000474,K,20180208
6100000475,1,vendorID_0060,2018,632.0,companyID_0000,6100000475,K,20180426
6100000476,1,vendorID_0061,2018,24972.0,companyID_0000,6100000476,K,20180308
6100000477,1,vendorID_0029,2018,82.0,companyID_0000,6100000477,K,20180405
6100000478,1,vendorID_0062,2018,242.0,companyID_0000,6100000478,K,20180524
6100000479,1,vendorID_0063,2018,78912.0,companyID_0000,6100000479,K,20180524
6100000480,1,vendorID_0063,2018,78912.0,companyID_0000,6100000480,K,20181026
6100000481,1,vendorID_0063,2018,78912.0,companyID_0000,6100000481,K,20181220
6100000482,1,vendorID_0009,2018,2159297.0,companyID_0000,6100000482,K,20180329
6100000483,1,vendorID_0009,2018,2159297.0,companyID_0000,6100000483,K,20180525
6100000484,1,vendorID_0009,2018,2159297.0,companyID_0000,6100000484,K,20180531
6100000485,1,vendorID_0009,2018,2159297.0,companyID_0000,6100000485,K,20180830
6100000486,1,vendorID_0064,2018,108.0,companyID_0000,6100000486,K,20180405
6100000487,1,vendorID_0064,2018,108.0,companyID_0000,6100000487,K,20181026
6100000488,1,vendorID_0003,2018,11.0,companyID_0000,6100000488,K,20180405
6100000489,1,vendorID_0003,2018,32.0,companyID_0000,6100000489,K,20180405
6100000490,1,vendorID_0003,2018,13.0,companyID_0000,6100000490,K,20180405
6100000491,1,vendorID_0003,2018,9.0,companyID_0000,6100000491,K,20180405
6100000492,1,vendorID_0003,2018,9.0,companyID_0000,6100000492,K,20180405
6100000493,1,vendorID_0003,2018,24.0,companyID_0000,6100000493,K,20180405
6100000494,1,vendorID_0066,2018,54319.0,companyID_0000,6100000494,K,20180405
6100000495,1,vendorID_0066,2018,54319.0,companyID_0000,6100000495,K,20180426
6100000496,1,vendorID_0003,2018,43.0,companyID_0000,6100000496,K,20180405
6100000497,1,vendorID_0003,2018,33.0,companyID_0000,6100000497,K,20180405
6100000498,1,vendorID_0003,2018,31.0,companyID_0000,6100000498,K,20180405
6100000499,1,vendorID_0003,2018,15.0,companyID_0000,6100000499,K,20180405
6100000500,1,vendorID_0003,2018,18.0,companyID_0000,6100000500,K,20180405
6100000501,1,vendorID_0003,2018,47.0,companyID_0000,6100000501,K,20180405
6100000502,1,vendorID_0003,2018,30.0,companyID_0000,6100000502,K,20180405
6100000503,1,vendorID_0003,2018,30.0,companyID_0000,6100000503,K,20180405
6100000504,1,vendorID_0003,2018,24.0,companyID_0000,6100000504,K,20180405
6100000505,1,vendorID_0003,2018,24.0,companyID_0000,6100000505,K,20180405
6100000506,1,vendorID_0003,2018,24.0,companyID_0000,6100000506,K,20180405
6100000507,1,vendorID_0019,2018,52537.0,companyID_0000,6100000507,K,20180426
6100000508,1,vendorID_0019,2018,52537.0,companyID_0000,6100000508,K,20180628
6100000509,1,vendorID_0019,2018,52537.0,companyID_0000,6100000509,K,20180726
6100000510,1,vendorID_0027,2018,379.0,companyID_0000,6100000510,K,20180426
6100000511,1,vendorID_0027,2018,66.0,companyID_0000,6100000511,K,20180524
6100000512,1,vendorID_0027,2018,142.0,companyID_0000,6100000512,K,20180426
6100000513,1,vendorID_0027,2018,142.0,companyID_0000,6100000513,K,20180426
6100000514,1,vendorID_0027,2018,34.0,companyID_0000,6100000514,K,20180426
6100000515,1,vendorID_0029,2018,107.0,companyID_0000,6100000515,K,20180405
6100000516,1,vendorID_0029,2018,247.0,companyID_0000,6100000516,K,20180405
6100000517,1,vendorID_0048,2018,185.0,companyID_0000,6100000517,K,20180315
6100000518,1,vendorID_0048,2018,1039.0,companyID_0000,6100000518,K,20180315
6100000519,1,vendorID_0048,2018,283.0,companyID_0000,6100000519,K,20180315
6100000520,1,vendorID_0028,2018,86.0,companyID_0000,6100000520,K,20180426
6100000521,1,vendorID_0067,2018,13163.0,companyID_0000,6100000521,K,20180405
6100000522,1,vendorID_0007,2018,12384.0,companyID_0000,6100000522,K,20180329
6100000523,1,vendorID_0027,2018,44.0,companyID_0000,6100000523,K,20180426
6100000524,1,vendorID_0027,2018,80.0,companyID_0000,6100000524,K,20180426
6100000525,1,vendorID_0068,2018,85.0,companyID_0000,6100000525,K,20180306
6100000526,1,vendorID_0068,2018,85.0,companyID_0000,6100000526,K,20180315
6100000527,1,vendorID_0068,2018,30.0,companyID_0000,6100000527,K,20180306
6100000528,1,vendorID_0068,2018,30.0,companyID_0000,6100000528,K,20180315
6100000529,1,vendorID_0012,2018,285.0,companyID_0000,6100000529,K,20180315
6100000530,1,vendorID_0011,2018,320.0,companyID_0000,6100000530,K,20180524
6100000531,1,vendorID_0064,2018,29.0,companyID_0000,6100000531,K,20180405
6100000532,1,vendorID_0069,2018,810.0,companyID_0000,6100000532,K,20180628
6100000533,1,vendorID_0069,2018,181.0,companyID_0000,6100000533,K,20180628
6100000534,1,vendorID_0029,2018,46.0,companyID_0000,6100000534,K,20180405
6100000535,1,vendorID_0071,2018,3058.0,companyID_0000,6100000535,K,20180419
6100000536,1,vendorID_0072,2018,282.0,companyID_0000,6100000536,K,20180426
6100000537,1,vendorID_0048,2018,1108.0,companyID_0000,6100000537,K,20180329
6100000538,1,vendorID_0028,2018,62.0,companyID_0000,6100000538,K,20180426
6100000539,1,vendorID_0028,2018,76.0,companyID_0000,6100000539,K,20180426
6100000540,1,vendorID_0028,2018,33.0,companyID_0000,6100000540,K,20180426
6100000541,1,vendorID_0073,2018,5196.0,companyID_0000,6100000541,K,20180509
6100000542,1,vendorID_0027,2018,20.0,companyID_0000,6100000542,K,20180426
6100000543,1,vendorID_0027,2018,526.0,companyID_0000,6100000543,K,20180426
6100000544,1,vendorID_0027,2018,62.0,companyID_0000,6100000544,K,20180426
6100000545,1,vendorID_0074,2018,423.0,companyID_0000,6100000545,K,20180405
6100000546,1,vendorID_0075,2018,67.0,companyID_0000,6100000546,K,20180405
6100000547,1,vendorID_0028,2018,24.0,companyID_0000,6100000547,K,20180426
6100000548,1,vendorID_0029,2018,561.0,companyID_0000,6100000548,K,20180405
6100000549,1,vendorID_0003,2018,82.0,companyID_0000,6100000549,K,20180405
6100000550,1,vendorID_0003,2018,82.0,companyID_0000,6100000550,K,20180405
6100000551,1,vendorID_0003,2018,56.0,companyID_0000,6100000551,K,20180405
6100000552,1,vendorID_0003,2018,56.0,companyID_0000,6100000552,K,20180405
6100000553,1,vendorID_0003,2018,23.0,companyID_0000,6100000553,K,20180405
6100000554,1,vendorID_0003,2018,49.0,companyID_0000,6100000554,K,20180405
6100000555,1,vendorID_0003,2018,19.0,companyID_0000,6100000555,K,20180405
6100000556,1,vendorID_0003,2018,31.0,companyID_0000,6100000556,K,20180405
6100000557,1,vendorID_0003,2018,24.0,companyID_0000,6100000557,K,20180405
6100000558,1,vendorID_0076,2018,3117.0,companyID_0000,6100000558,K,20180405
6100000559,1,vendorID_0077,2018,199.0,companyID_0000,6100000559,K,20180405
6100000560,1,vendorID_0077,2018,55.0,companyID_0000,6100000560,K,20180405
6100000561,1,vendorID_0077,2018,69.0,companyID_0000,6100000561,K,20180405
6100000562,1,vendorID_0077,2018,12.0,companyID_0000,6100000562,K,20180405
6100000563,1,vendorID_0078,2018,3109.0,companyID_0000,6100000563,K,20180405
6100000564,1,vendorID_0079,2018,15.0,companyID_0000,6100000564,K,20180405
6100000565,1,vendorID_0080,2018,389.0,companyID_0000,6100000565,K,20180308
6100000566,1,vendorID_0081,2018,987.0,companyID_0000,6100000566,K,20180313
6100000567,1,vendorID_0081,2018,987.0,companyID_0000,6100000567,K,20180720
6100000568,1,vendorID_0081,2018,987.0,companyID_0000,6100000568,K,20180313
6100000569,1,vendorID_0081,2018,987.0,companyID_0000,6100000569,K,20180720
6100000570,1,vendorID_0081,2018,997.0,companyID_0000,6100000570,K,20180426
6100000571,1,vendorID_0081,2018,997.0,companyID_0000,6100000571,K,20180720
6100000572,1,vendorID_0081,2018,997.0,companyID_0000,6100000572,K,20180426
6100000573,1,vendorID_0082,2018,2039.0,companyID_0000,6100000573,K,20180405
6100000574,1,vendorID_0083,2018,147.0,companyID_0000,6100000574,K,20180405
6100000575,1,vendorID_0003,2018,30.0,companyID_0000,6100000575,K,20180405
6100000576,1,vendorID_0003,2018,54.0,companyID_0000,6100000576,K,20180405
6100000577,1,vendorID_0084,2018,4018.0,companyID_0000,6100000577,K,20180405
6100000578,1,vendorID_0003,2018,39.0,companyID_0000,6100000578,K,20180405
6100000579,1,vendorID_0003,2018,30.0,companyID_0000,6100000579,K,20180405
6100000580,1,vendorID_0085,2018,905.0,companyID_0000,6100000580,K,20180802
6100000581,1,vendorID_0086,2018,1441.0,companyID_0000,6100000581,K,20180524
6100000582,1,vendorID_0048,2018,26.0,companyID_0000,6100000582,K,20180329
6100000583,1,vendorID_0048,2018,675.0,companyID_0000,6100000583,K,20180329
6100000584,1,vendorID_0029,2018,41.0,companyID_0000,6100000584,K,20180405
6100000585,1,vendorID_0029,2018,56.0,companyID_0000,6100000585,K,20180405
6100000586,1,vendorID_0029,2018,101.0,companyID_0000,6100000586,K,20180405
6100000587,1,vendorID_0000,2018,166.0,companyID_0000,6100000587,K,20180426
6100000588,1,vendorID_0000,2018,29.0,companyID_0000,6100000588,K,20180426
6100000589,1,vendorID_0003,2018,44.0,companyID_0000,6100000589,K,20180405
6100000590,1,vendorID_0003,2018,260.0,companyID_0000,6100000590,K,20180405
6100000591,1,vendorID_0003,2018,27.0,companyID_0000,6100000591,K,20180405
6100000592,1,vendorID_0087,2018,746.0,companyID_0000,6100000592,K,20180906
6100000593,1,vendorID_0021,2018,24240.0,companyID_0000,6100000593,K,20180509
6100000594,1,vendorID_0072,2018,111.0,companyID_0000,6100000594,K,20180426
6100000595,1,vendorID_0072,2018,111.0,companyID_0000,6100000595,K,20180803
6100000596,1,vendorID_0072,2018,249.0,companyID_0000,6100000596,K,20180426
6100000597,1,vendorID_0072,2018,249.0,companyID_0000,6100000597,K,20180803
6100000598,1,vendorID_0003,2018,19.0,companyID_0000,6100000598,K,20180405
6100000599,1,vendorID_0003,2018,5.0,companyID_0000,6100000599,K,20180405
6100000600,1,vendorID_0003,2018,2.0,companyID_0000,6100000600,K,20180405
6100000601,1,vendorID_0003,2018,10.0,companyID_0000,6100000601,K,20180405
6100000602,1,vendorID_0011,2018,107.0,companyID_0000,6100000602,K,20180426
6100000603,1,vendorID_0011,2018,187.0,companyID_0000,6100000603,K,20180426
6100000604,1,vendorID_0011,2018,107.0,companyID_0000,6100000604,K,20180426
6100000605,1,vendorID_0011,2018,187.0,companyID_0000,6100000605,K,20180426
6100000606,1,vendorID_0000,2018,207.0,companyID_0000,6100000606,K,20180426
6100000607,1,vendorID_0000,2018,201.0,companyID_0000,6100000607,K,20180426
6100000608,1,vendorID_0080,2018,389.0,companyID_0000,6100000608,K,20180308
6100000609,1,vendorID_0088,2018,644.0,companyID_0000,6100000609,K,20180517
6100000610,1,vendorID_0088,2018,25.0,companyID_0000,6100000610,K,20180517
6100000611,1,vendorID_0027,2018,753.0,companyID_0000,6100000611,K,20180524
6100000612,1,vendorID_0027,2018,63.0,companyID_0000,6100000612,K,20180426
6100000613,1,vendorID_0027,2018,376.0,companyID_0000,6100000613,K,20180705
6100000614,1,vendorID_0029,2018,82.0,companyID_0000,6100000614,K,20180405
6100000615,1,vendorID_0000,2018,137.0,companyID_0000,6100000615,K,20180426
6100000616,1,vendorID_0000,2018,88.0,companyID_0000,6100000616,K,20180426
6100000617,1,vendorID_0000,2018,45.0,companyID_0000,6100000617,K,20180426
6100000618,1,vendorID_0028,2018,214.0,companyID_0000,6100000618,K,20180426
6100000619,1,vendorID_0089,2018,165085.0,companyID_0000,6100000619,K,20180509
6100000620,1,vendorID_0011,2018,320.0,companyID_0000,6100000620,K,20180524
6100000621,1,vendorID_0011,2018,320.0,companyID_0000,6100000621,K,20181129
6100000622,1,vendorID_0000,2018,122.0,companyID_0000,6100000622,K,20180405
6100000623,1,vendorID_0000,2018,122.0,companyID_0000,6100000623,K,20180426
6100000624,1,vendorID_0017,2018,24248.0,companyID_0000,6100000624,K,20180524
6100000625,1,vendorID_0017,2018,24248.0,companyID_0000,6100000625,K,20180628
6100000626,1,vendorID_0017,2018,24248.0,companyID_0000,6100000626,K,20180726
6100000627,1,vendorID_0017,2018,24248.0,companyID_0000,6100000627,K,20181004
6100000628,1,vendorID_0017,2018,24248.0,companyID_0000,6100000628,K,20181011
6100000629,1,vendorID_0017,2018,24248.0,companyID_0000,6100000629,K,20181122
6100000630,1,vendorID_0017,2018,24248.0,companyID_0000,6100000630,K,20181129
6100000631,1,vendorID_0088,2018,41.0,companyID_0000,6100000631,K,20180719
6100000632,1,vendorID_0026,2018,10115.0,companyID_0000,6100000632,K,20180426
6100000633,1,vendorID_0027,2018,226.0,companyID_0000,6100000633,K,20180426
6100000634,1,vendorID_0028,2018,183.0,companyID_0000,6100000634,K,20180426
6100000635,1,vendorID_0058,2018,896.0,companyID_0000,6100000635,K,20180329
6100000636,1,vendorID_0052,2018,13847.0,companyID_0000,6100000636,K,20180315
6100000637,1,vendorID_0052,2018,13847.0,companyID_0000,6100000637,K,20181105
6100000638,1,vendorID_0052,2018,13847.0,companyID_0000,6100000638,K,20181129
6100000639,1,vendorID_0011,2018,267.0,companyID_0000,6100000639,K,20180426
6100000640,1,vendorID_0092,2018,155.0,companyID_0000,6100000640,K,20180419
6100000641,1,vendorID_0064,2018,33.0,companyID_0000,6100000641,K,20180405
6100000642,1,vendorID_0029,2018,78.0,companyID_0000,6100000642,K,20180405
6100000643,1,vendorID_0029,2018,303.0,companyID_0000,6100000643,K,20180405
