BELNR,WRBTR,BUZEI,EBELP,GJAHR,EBELN
5100000001,298.0,1,00001,2018,2000000000
5100000002,557.0,1,00001,2018,2000000001
5100000003,76210.0,1,00001,2018,2000000002
5100000004,28.0,1,00001,2018,2000000003
5100000005,37.0,1,00002,2018,2000000003
5100000006,44.0,1,00003,2018,2000000003
5100000007,166.0,1,00001,2018,2000000004
5100000008,433.0,1,00001,2018,2000000005
5100000009,37819.0,1,00001,2018,2000000006
5100000010,3227.0,1,00001,2018,2000000007
5100000011,18186.0,1,00001,2018,2000000008
5100000012,1039.0,1,00001,2018,2000000009
5100000013,1668264.0,1,00001,2018,2000000010
5100000014,1668264.0,1,00001,2018,2000000010
5100000015,112583.0,1,00001,2018,2000000011
5100000016,320.0,1,00001,2018,2000000012
5100000017,857.0,1,00001,2018,2000000013
5100000018,17414.0,1,00001,2018,2000000014
5100000019,17414.0,1,00001,2018,2000000014
5100000020,17414.0,1,00001,2018,2000000014
5100000021,17414.0,1,00001,2018,2000000014
5100000022,17414.0,1,00001,2018,2000000014
5100000023,457836.0,1,00001,2018,2000000015
5100000024,457836.0,1,00001,2018,2000000015
5100000025,457836.0,1,00001,2018,2000000015
5100000026,457836.0,1,00001,2018,2000000015
5100000027,457836.0,1,00001,2018,2000000015
5100000028,457836.0,1,00001,2018,2000000015
5100000029,457836.0,1,00001,2018,2000000015
5100000030,457836.0,1,00001,2018,2000000015
5100000031,457836.0,1,00001,2018,2000000015
5100000032,457836.0,1,00001,2018,2000000015
5100000033,457836.0,1,00001,2018,2000000015
5100000034,457836.0,1,00001,2018,2000000015
5100000035,457836.0,1,00001,2018,2000000015
5100000036,405009.0,1,00001,2018,2000000016
5100000037,405009.0,1,00001,2018,2000000016
5100000038,405009.0,1,00001,2018,2000000016
5100000039,405009.0,1,00001,2018,2000000016
5100000040,405009.0,1,00001,2018,2000000016
5100000041,405009.0,1,00001,2018,2000000016
5100000042,405009.0,1,00001,2018,2000000016
5100000043,405009.0,1,00001,2018,2000000016
5100000044,405009.0,1,00001,2018,2000000016
5100000045,405009.0,1,00001,2018,2000000016
5100000046,405009.0,1,00001,2018,2000000016
5100000047,405009.0,1,00001,2018,2000000016
5100000048,405009.0,1,00001,2018,2000000016
5100000049,405009.0,1,00001,2018,2000000016
5100000050,405009.0,1,00001,2018,2000000016
5100000051,405009.0,1,00001,2018,2000000016
5100000052,405009.0,1,00001,2018,2000000016
5100000053,405009.0,1,00001,2018,2000000016
5100000054,405009.0,1,00001,2018,2000000016
5100000055,405009.0,1,00001,2018,2000000016
5100000056,405009.0,1,00001,2018,2000000016
5100000057,405009.0,1,00001,2018,2000000016
5100000058,405009.0,1,00001,2018,2000000016
5100000059,405009.0,1,00001,2018,2000000016
5100000060,405009.0,1,00001,2018,2000000016
5100000061,405009.0,1,00001,2018,2000000016
5100000062,405009.0,1,00001,2018,2000000016
5100000063,405009.0,1,00001,2018,2000000016
5100000064,405009.0,1,00001,2018,2000000016
5100000065,405009.0,1,00001,2018,2000000016
5100000066,405009.0,1,00001,2018,2000000016
5100000067,405009.0,1,00001,2018,2000000016
5100000068,405009.0,1,00001,2018,2000000016
5100000069,405009.0,1,00001,2018,2000000016
5100000070,405009.0,1,00001,2018,2000000016
5100000071,405009.0,1,00001,2018,2000000016
5100000072,405009.0,1,00001,2018,2000000016
5100000073,405009.0,1,00001,2018,2000000016
5100000074,405009.0,1,00001,2018,2000000016
5100000075,405009.0,1,00001,2018,2000000016
5100000076,405009.0,1,00001,2018,2000000016
5100000077,405009.0,1,00001,2018,2000000016
5100000078,405009.0,1,00001,2018,2000000016
5100000079,405009.0,1,00001,2018,2000000016
5100000080,405009.0,1,00001,2018,2000000016
5100000081,405009.0,1,00001,2018,2000000016
5100000082,405009.0,1,00001,2018,2000000016
5100000083,405009.0,1,00001,2018,2000000016
5100000084,405009.0,1,00001,2018,2000000016
5100000085,405009.0,1,00001,2018,2000000016
5100000086,372390.0,1,00001,2018,2000000017
5100000087,372390.0,1,00001,2018,2000000017
5100000088,372390.0,1,00001,2018,2000000017
5100000089,372390.0,1,00001,2018,2000000017
5100000090,372390.0,1,00001,2018,2000000017
5100000091,372390.0,1,00001,2018,2000000017
5100000092,372390.0,1,00001,2018,2000000017
5100000093,372390.0,1,00001,2018,2000000017
5100000094,372390.0,1,00001,2018,2000000017
5100000095,372390.0,1,00001,2018,2000000017
5100000096,372390.0,1,00001,2018,2000000017
5100000097,372390.0,1,00001,2018,2000000017
5100000098,950029.0,1,00001,2018,2000000018
5100000099,950029.0,1,00001,2018,2000000018
5100000100,950029.0,1,00001,2018,2000000018
5100000101,950029.0,1,00001,2018,2000000018
5100000102,950029.0,1,00001,2018,2000000018
5100000103,950029.0,1,00001,2018,2000000018
5100000104,950029.0,1,00001,2018,2000000018
5100000105,950029.0,1,00001,2018,2000000018
5100000106,950029.0,1,00001,2018,2000000018
5100000107,950029.0,1,00001,2018,2000000018
5100000108,950029.0,1,00001,2018,2000000018
5100000109,502814.0,1,00001,2018,2000000019
5100000110,502814.0,1,00001,2018,2000000019
5100000111,502814.0,1,00001,2018,2000000019
5100000112,502814.0,1,00001,2018,2000000019
5100000113,502814.0,1,00001,2018,2000000019
5100000114,502814.0,1,00001,2018,2000000019
5100000115,502814.0,1,00001,2018,2000000019
5100000116,502814.0,1,00001,2018,2000000019
5100000117,502814.0,1,00001,2018,2000000019
5100000118,502814.0,1,00001,2018,2000000019
5100000119,502814.0,1,00001,2018,2000000019
5100000120,155884.0,1,00001,2018,2000000020
5100000121,155884.0,1,00001,2018,2000000020
5100000122,155884.0,1,00001,2018,2000000020
5100000123,155884.0,1,00001,2018,2000000020
5100000124,155884.0,1,00001,2018,2000000020
5100000125,155884.0,1,00001,2018,2000000020
5100000126,155884.0,1,00001,2018,2000000020
5100000127,155884.0,1,00001,2018,2000000020
5100000128,155884.0,1,00001,2018,2000000020
5100000129,155884.0,1,00001,2018,2000000020
5100000130,155884.0,1,00001,2018,2000000020
5100000131,277128.0,1,00001,2018,2000000021
5100000132,277128.0,1,00001,2018,2000000021
5100000133,277128.0,1,00001,2018,2000000021
5100000134,277128.0,1,00001,2018,2000000021
5100000135,277128.0,1,00001,2018,2000000021
5100000136,277128.0,1,00001,2018,2000000021
5100000137,277128.0,1,00001,2018,2000000021
5100000138,277128.0,1,00001,2018,2000000021
5100000139,277128.0,1,00001,2018,2000000021
5100000140,4312806.0,1,00001,2018,2000000022
5100000141,4312806.0,1,00001,2018,2000000022
5100000142,4312806.0,1,00001,2018,2000000022
5100000143,4312806.0,1,00001,2018,2000000022
5100000144,4312806.0,1,00001,2018,2000000022
5100000145,4312806.0,1,00001,2018,2000000022
5100000146,4312806.0,1,00001,2018,2000000022
5100000147,4312806.0,1,00001,2018,2000000022
5100000148,4312806.0,1,00001,2018,2000000022
5100000149,4312806.0,1,00001,2018,2000000022
5100000150,4312806.0,1,00001,2018,2000000022
5100000151,4312806.0,1,00001,2018,2000000022
5100000152,22251.0,1,00001,2018,2000000023
5100000153,58196.0,1,00001,2018,2000000024
5100000154,58196.0,1,00001,2018,2000000024
5100000155,58196.0,1,00001,2018,2000000024
5100000156,58196.0,1,00001,2018,2000000024
5100000157,58196.0,1,00001,2018,2000000024
5100000158,58196.0,1,00001,2018,2000000024
5100000159,58196.0,1,00001,2018,2000000024
5100000160,1368.0,1,00001,2018,2000000025
5100000161,74.0,1,00001,2018,2000000026
5100000162,45.0,1,00002,2018,2000000026
5100000163,6754.0,1,00001,2018,2000000027
5100000164,6754.0,1,00001,2018,2000000027
5100000165,6754.0,1,00001,2018,2000000027
5100000166,6754.0,1,00001,2018,2000000027
5100000167,6754.0,1,00001,2018,2000000027
5100000168,6754.0,1,00001,2018,2000000027
5100000169,6754.0,1,00001,2018,2000000028
5100000170,6754.0,1,00001,2018,2000000028
5100000171,6754.0,1,00001,2018,2000000028
5100000172,6754.0,1,00001,2018,2000000028
5100000173,6754.0,1,00001,2018,2000000028
5100000174,6754.0,1,00001,2018,2000000028
5100000175,83.0,1,00001,2018,2000000029
5100000176,19.0,1,00002,2018,2000000029
5100000177,5.0,1,00003,2018,2000000029
5100000178,549.0,1,00001,2018,2000000030
5100000179,22.0,1,00001,2018,2000000031
5100000180,106.0,1,00001,2018,2000000032
5100000181,12852.0,1,00001,2018,2000000033
5100000182,277128.0,1,00001,2018,2000000034
5100000183,277128.0,1,00001,2018,2000000034
5100000184,277128.0,1,00001,2018,2000000034
5100000185,277128.0,1,00001,2018,2000000034
5100000186,277128.0,1,00001,2018,2000000034
5100000187,277128.0,1,00001,2018,2000000034
5100000188,277128.0,1,00001,2018,2000000034
5100000189,277128.0,1,00001,2018,2000000034
5100000190,277128.0,1,00001,2018,2000000034
5100000191,3065.0,1,00001,2018,2000000035
5100000192,6903.0,1,00001,2018,2000000036
5100000193,938.0,1,00001,2018,2000000037
5100000194,34.0,1,00002,2018,2000000037
5100000195,63.0,1,00003,2018,2000000037
5100000196,57.0,1,00001,2018,2000000038
5100000197,428.0,1,00001,2018,2000000039
5100000198,127.0,1,00002,2018,2000000039
5100000199,3464.0,1,00001,2018,2000000040
5100000200,3464.0,1,00001,2018,2000000040
5100000201,3464.0,1,00001,2018,2000000040
5100000202,260.0,1,00001,2018,2000000041
5100000203,45.0,1,00001,2018,2000000042
5100000204,181.0,1,00001,2018,2000000044
5100000205,646.0,1,00001,2018,2000000045
5100000206,49.0,1,00002,2018,2000000045
5100000207,173.0,1,00001,2018,2000000046
5100000208,649519.0,1,00001,2018,2000000047
5100000209,649519.0,1,00001,2018,2000000047
5100000210,649519.0,1,00001,2018,2000000047
5100000211,649519.0,1,00001,2018,2000000047
5100000212,649519.0,1,00001,2018,2000000047
5100000213,649519.0,1,00001,2018,2000000047
5100000214,649519.0,1,00001,2018,2000000047
5100000215,649519.0,1,00001,2018,2000000047
5100000216,649519.0,1,00001,2018,2000000047
5100000217,649519.0,1,00001,2018,2000000047
5100000218,649519.0,1,00001,2018,2000000047
5100000219,649519.0,1,00001,2018,2000000047
5100000220,649519.0,1,00001,2018,2000000047
5100000221,649519.0,1,00001,2018,2000000047
5100000222,649519.0,1,00001,2018,2000000047
5100000223,649519.0,1,00001,2018,2000000047
5100000224,649519.0,1,00001,2018,2000000047
5100000225,649519.0,1,00001,2018,2000000047
5100000226,649519.0,1,00001,2018,2000000047
5100000227,649519.0,1,00001,2018,2000000047
5100000228,649519.0,1,00001,2018,2000000047
5100000229,649519.0,1,00001,2018,2000000047
5100000230,649519.0,1,00001,2018,2000000047
5100000231,649519.0,1,00001,2018,2000000047
5100000232,649519.0,1,00001,2018,2000000047
5100000233,649519.0,1,00001,2018,2000000047
5100000234,649519.0,1,00001,2018,2000000047
5100000235,649519.0,1,00001,2018,2000000047
5100000236,649519.0,1,00001,2018,2000000047
5100000237,649519.0,1,00001,2018,2000000047
5100000238,649519.0,1,00001,2019,2000000047
5100000239,649519.0,1,00001,2019,2000000047
5100000240,828.0,1,00001,2018,2000000048
5100000241,412.0,1,00001,2018,2000000049
5100000242,2726.0,1,00001,2018,2000000050
5100000243,33.0,1,00001,2018,2000000051
5100000244,179.0,1,00001,2018,2000000054
5100000245,23.0,1,00002,2018,2000000054
5100000246,526.0,1,00003,2018,2000000054
5100000247,459.0,1,00004,2018,2000000054
5100000248,433012.0,1,00001,2018,2000000055
5100000249,433012.0,1,00001,2018,2000000055
5100000250,433012.0,1,00001,2018,2000000055
5100000251,433012.0,1,00001,2018,2000000055
5100000252,433012.0,1,00001,2018,2000000055
5100000253,433012.0,1,00001,2018,2000000055
5100000254,433012.0,1,00001,2018,2000000055
5100000255,433012.0,1,00001,2018,2000000055
5100000256,433012.0,1,00001,2018,2000000055
5100000257,433012.0,1,00001,2018,2000000055
5100000258,433012.0,1,00001,2018,2000000055
5100000259,433012.0,1,00001,2018,2000000055
5100000260,41569.0,1,00001,2018,2000000056
5100000261,41569.0,1,00001,2018,2000000056
5100000262,41569.0,1,00001,2018,2000000056
5100000263,41569.0,1,00001,2018,2000000056
5100000264,41569.0,1,00001,2018,2000000056
5100000265,41569.0,1,00001,2018,2000000056
5100000266,41569.0,1,00001,2018,2000000056
5100000267,41569.0,1,00001,2018,2000000056
5100000268,41569.0,1,00001,2018,2000000056
5100000269,41569.0,1,00001,2018,2000000056
5100000270,277128.0,1,00001,2018,2000000057
5100000271,277128.0,1,00001,2018,2000000057
5100000272,277128.0,1,00001,2018,2000000057
5100000273,277128.0,1,00001,2018,2000000057
5100000274,277128.0,1,00001,2018,2000000057
5100000275,277128.0,1,00001,2018,2000000057
5100000276,277128.0,1,00001,2018,2000000057
5100000277,277128.0,1,00001,2018,2000000057
5100000278,277128.0,1,00001,2018,2000000057
5100000279,277128.0,1,00001,2018,2000000057
5100000280,277128.0,1,00001,2018,2000000057
5100000281,277128.0,1,00001,2018,2000000057
5100000282,339481.0,1,00001,2018,2000000058
5100000283,339481.0,1,00001,2018,2000000058
5100000284,339481.0,1,00001,2018,2000000058
5100000285,339481.0,1,00001,2018,2000000058
5100000286,339481.0,1,00001,2018,2000000058
5100000287,339481.0,1,00001,2018,2000000058
5100000288,339481.0,1,00001,2018,2000000058
5100000289,339481.0,1,00001,2018,2000000058
5100000290,339481.0,1,00001,2018,2000000058
5100000291,339481.0,1,00001,2018,2000000058
5100000292,339481.0,1,00001,2018,2000000058
5100000293,339481.0,1,00001,2018,2000000058
5100000294,190525.0,1,00001,2018,2000000059
5100000295,190525.0,1,00001,2018,2000000059
5100000296,190525.0,1,00001,2018,2000000059
5100000297,190525.0,1,00001,2018,2000000059
5100000298,190525.0,1,00001,2018,2000000059
5100000299,190525.0,1,00001,2018,2000000059
5100000300,190525.0,1,00001,2018,2000000059
5100000301,190525.0,1,00001,2018,2000000059
5100000302,190525.0,1,00001,2018,2000000059
5100000303,190525.0,1,00001,2018,2000000059
5100000304,190525.0,1,00001,2018,2000000059
5100000305,190525.0,1,00001,2018,2000000059
5100000306,356802.0,1,00001,2018,2000000060
5100000307,356802.0,1,00001,2018,2000000060
5100000308,356802.0,1,00001,2018,2000000060
5100000309,356802.0,1,00001,2018,2000000060
5100000310,356802.0,1,00001,2018,2000000060
5100000311,356802.0,1,00001,2018,2000000060
5100000312,356802.0,1,00001,2018,2000000060
5100000313,356802.0,1,00001,2018,2000000060
5100000314,356802.0,1,00001,2018,2000000060
5100000315,356802.0,1,00001,2018,2000000060
5100000316,356802.0,1,00001,2018,2000000060
5100000317,356802.0,1,00001,2018,2000000060
5100000318,304840.0,1,00001,2018,2000000061
5100000319,304840.0,1,00001,2018,2000000061
5100000320,304840.0,1,00001,2018,2000000061
5100000321,304840.0,1,00001,2018,2000000061
5100000322,304840.0,1,00001,2018,2000000061
5100000323,304840.0,1,00001,2018,2000000061
5100000324,304840.0,1,00001,2018,2000000061
5100000325,304840.0,1,00001,2018,2000000061
5100000326,304840.0,1,00001,2018,2000000061
5100000327,304840.0,1,00001,2018,2000000061
5100000328,304840.0,1,00001,2018,2000000061
5100000329,304840.0,1,00001,2018,2000000061
5100000330,259807.0,1,00001,2018,2000000064
5100000331,259807.0,1,00001,2018,2000000064
5100000332,259807.0,1,00001,2018,2000000064
5100000333,259807.0,1,00001,2018,2000000064
5100000334,259807.0,1,00001,2018,2000000064
5100000335,259807.0,1,00001,2018,2000000064
5100000336,259807.0,1,00001,2018,2000000064
5100000337,259807.0,1,00001,2018,2000000064
5100000338,259807.0,1,00001,2018,2000000064
5100000339,259807.0,1,00001,2018,2000000064
5100000340,207846.0,1,00001,2018,2000000065
5100000341,207846.0,1,00001,2018,2000000065
5100000342,207846.0,1,00001,2018,2000000065
5100000343,207846.0,1,00001,2018,2000000065
5100000344,207846.0,1,00001,2018,2000000065
5100000345,207846.0,1,00001,2018,2000000065
5100000346,207846.0,1,00001,2018,2000000065
5100000347,207846.0,1,00001,2018,2000000065
5100000348,207846.0,1,00001,2018,2000000065
5100000349,207846.0,1,00001,2018,2000000065
5100000350,207846.0,1,00001,2018,2000000065
5100000351,207846.0,1,00001,2018,2000000065
5100000352,294448.0,1,00001,2018,2000000066
5100000353,294448.0,1,00001,2018,2000000066
5100000354,294448.0,1,00001,2018,2000000066
5100000355,294448.0,1,00001,2018,2000000066
5100000356,294448.0,1,00001,2018,2000000066
5100000357,294448.0,1,00001,2018,2000000066
5100000358,294448.0,1,00001,2018,2000000066
5100000359,294448.0,1,00001,2018,2000000066
5100000360,294448.0,1,00001,2018,2000000066
5100000361,294448.0,1,00001,2018,2000000066
5100000362,294448.0,1,00001,2018,2000000066
5100000363,294448.0,1,00001,2018,2000000066
5100000364,259807.0,1,00001,2018,2000000067
5100000365,259807.0,1,00001,2018,2000000067
5100000366,259807.0,1,00001,2018,2000000067
5100000367,259807.0,1,00001,2018,2000000067
5100000368,259807.0,1,00001,2018,2000000067
5100000369,259807.0,1,00001,2018,2000000067
5100000370,259807.0,1,00001,2018,2000000067
5100000371,259807.0,1,00001,2018,2000000067
5100000372,259807.0,1,00001,2018,2000000067
5100000373,259807.0,1,00001,2018,2000000067
5100000374,259807.0,1,00001,2018,2000000067
5100000375,259807.0,1,00001,2018,2000000067
5100000376,381051.0,1,00001,2018,2000000068
5100000377,381051.0,1,00001,2018,2000000068
5100000378,381051.0,1,00001,2018,2000000068
5100000379,381051.0,1,00001,2018,2000000068
5100000380,381051.0,1,00001,2018,2000000068
5100000381,381051.0,1,00001,2018,2000000068
5100000382,381051.0,1,00001,2018,2000000068
5100000383,381051.0,1,00001,2018,2000000068
5100000384,381051.0,1,00001,2018,2000000068
5100000385,381051.0,1,00001,2018,2000000068
5100000386,381051.0,1,00001,2018,2000000068
5100000387,381051.0,1,00001,2018,2000000068
5100000388,495366.0,1,00001,2018,2000000069
5100000389,495366.0,1,00001,2018,2000000069
5100000390,495366.0,1,00001,2018,2000000069
5100000391,495366.0,1,00001,2018,2000000069
5100000392,495366.0,1,00001,2018,2000000069
5100000393,495366.0,1,00001,2018,2000000069
5100000394,495366.0,1,00001,2018,2000000069
5100000395,495366.0,1,00001,2018,2000000069
5100000396,495366.0,1,00001,2018,2000000069
5100000397,495366.0,1,00001,2018,2000000069
5100000398,495366.0,1,00001,2018,2000000069
5100000399,495366.0,1,00001,2018,2000000069
5100000400,242487.0,1,00001,2018,2000000070
5100000401,242487.0,1,00001,2018,2000000070
5100000402,242487.0,1,00001,2018,2000000070
5100000403,242487.0,1,00001,2018,2000000070
5100000404,242487.0,1,00001,2018,2000000070
5100000405,242487.0,1,00001,2018,2000000070
5100000406,242487.0,1,00001,2018,2000000070
5100000407,242487.0,1,00001,2018,2000000070
5100000408,242487.0,1,00001,2018,2000000070
5100000409,242487.0,1,00001,2018,2000000070
5100000410,207846.0,1,00001,2018,2000000071
5100000411,207846.0,1,00001,2018,2000000071
5100000412,207846.0,1,00001,2018,2000000071
5100000413,207846.0,1,00001,2018,2000000071
5100000414,207846.0,1,00001,2018,2000000071
5100000415,207846.0,1,00001,2018,2000000071
5100000416,207846.0,1,00001,2018,2000000071
5100000417,207846.0,1,00001,2018,2000000071
5100000418,346410.0,1,00001,2018,2000000072
5100000419,346410.0,1,00001,2018,2000000072
5100000420,346410.0,1,00001,2018,2000000072
5100000421,346410.0,1,00001,2018,2000000072
5100000422,346410.0,1,00001,2018,2000000072
5100000423,346410.0,1,00001,2018,2000000072
5100000424,346410.0,1,00001,2018,2000000072
5100000425,346410.0,1,00001,2018,2000000072
5100000426,346410.0,1,00001,2018,2000000072
5100000427,346410.0,1,00001,2018,2000000072
5100000428,346410.0,1,00001,2018,2000000072
5100000429,346410.0,1,00001,2018,2000000072
5100000430,83.0,1,00001,2018,2000000073
5100000431,132.0,1,00001,2018,2000000074
5100000432,147.0,1,00001,2018,2000000075
5100000433,51.0,1,00001,2018,2000000076
5100000434,159.0,1,00002,2018,2000000076
5100000435,86.0,1,00001,2018,2000000077
5100000436,5897.0,1,00001,2018,2000000078
5100000437,5897.0,1,00001,2018,2000000078
5100000438,141.0,1,00001,2018,2000000079
5100000439,113.0,1,00002,2018,2000000079
5100000440,121.0,1,00003,2018,2000000079
5100000441,362.0,1,00001,2018,2000000080
5100000442,60.0,1,00001,2018,2000000081
5100000443,60.0,1,00001,2018,2000000081
5100000444,60.0,1,00001,2018,2000000081
5100000445,60.0,1,00001,2018,2000000081
5100000446,710.0,1,00001,2018,2000000082
5100000447,124.0,1,00002,2018,2000000082
5100000448,98.0,1,00001,2018,2000000083
5100000449,88.0,1,00002,2018,2000000083
5100000450,65.0,1,00003,2018,2000000083
5100000451,418.0,1,00001,2017,2000000084
5100000452,41.0,1,00001,2018,2000000085
5100000453,40.0,1,00001,2018,2000000086
5100000454,31.0,1,00002,2018,2000000086
5100000455,12834.0,1,00001,2018,2000000087
5100000456,34641.0,1,00001,2018,2000000089
5100000457,967.0,1,00001,2018,2000000090
5100000458,5629.0,1,00001,2018,2000000091
5100000459,5868.0,1,00001,2017,2000000093
5100000460,41.0,1,00001,2018,2000000094
5100000461,103.0,1,00001,2018,2000000095
5100000462,43.0,1,00001,2018,2000000096
5100000463,11353.0,1,00001,2018,2000000097
5100000464,11353.0,1,00001,2018,2000000097
5100000465,74.0,1,00001,2018,2000000098
5100000466,102.0,1,00002,2018,2000000098
5100000467,167.0,1,00003,2018,2000000098
5100000468,46.0,1,00001,2018,2000000099
5100000469,7815013.0,1,00001,2017,2000000100
5100000470,7815013.0,1,00001,2017,2000000100
5100000471,7815013.0,1,00001,2018,2000000100
5100000472,7815013.0,1,00001,2018,2000000100
5100000473,7815013.0,1,00001,2018,2000000100
5100000474,7815013.0,1,00001,2018,2000000100
5100000475,7815013.0,1,00001,2018,2000000100
5100000476,7815013.0,1,00001,2018,2000000100
5100000477,7815013.0,1,00001,2018,2000000100
5100000478,7815013.0,1,00001,2018,2000000100
5100000479,7815013.0,1,00001,2018,2000000100
5100000480,7815013.0,1,00001,2018,2000000100
5100000481,7815013.0,1,00001,2018,2000000100
5100000482,7815013.0,1,00001,2018,2000000100
5100000483,7815013.0,1,00001,2018,2000000100
5100000484,7815013.0,1,00001,2018,2000000100
5100000485,7815013.0,1,00001,2018,2000000100
5100000486,7815013.0,1,00001,2018,2000000100
5100000487,7815013.0,1,00001,2018,2000000100
5100000488,7815013.0,1,00001,2018,2000000100
5100000489,7815013.0,1,00001,2019,2000000100
5100000490,19875.0,1,00001,2018,2000000101
5100000491,19875.0,1,00001,2018,2000000101
5100000492,132664.0,1,00001,2018,2000000102
5100000493,132664.0,1,00001,2018,2000000102
5100000494,132664.0,1,00001,2018,2000000102
5100000495,132664.0,1,00001,2018,2000000102
5100000496,293.0,1,00001,2018,2000000103
5100000497,226.0,1,00001,2018,2000000104
5100000498,53065.0,1,00001,2018,2000000106
5100000499,1160.0,1,00001,2018,2000000107
5100000500,12470.0,1,00001,2018,2000000108
5100000501,34145.0,1,00001,2016,2000000109
5100000502,632.0,1,00001,2018,2000000110
5100000503,24972.0,1,00001,2018,2000000111
5100000504,82.0,1,00001,2018,2000000112
5100000505,242.0,1,00001,2018,2000000113
5100000506,78912.0,1,00001,2018,2000000114
5100000507,78912.0,1,00001,2018,2000000114
5100000508,78912.0,1,00001,2018,2000000114
5100000509,78912.0,1,00001,2018,2000000114
5100000510,78912.0,1,00001,2018,2000000114
5100000511,2159297.0,1,00001,2017,2000000115
5100000512,2159297.0,1,00001,2018,2000000115
5100000513,2159297.0,1,00001,2018,2000000115
5100000514,2159297.0,1,00001,2018,2000000115
5100000515,108.0,1,00001,2018,2000000116
5100000516,108.0,1,00001,2018,2000000116
5100000517,11.0,1,00001,2018,2000000117
5100000518,32.0,1,00002,2018,2000000117
5100000519,13.0,1,00003,2018,2000000117
5100000520,9.0,1,00004,2018,2000000117
5100000521,9.0,1,00005,2018,2000000117
5100000522,24.0,1,00006,2018,2000000117
5100000523,54319.0,1,00001,2018,2000000120
5100000524,54319.0,1,00001,2018,2000000120
5100000525,43.0,1,00001,2018,2000000121
5100000526,33.0,1,00002,2018,2000000121
5100000527,31.0,1,00003,2018,2000000121
5100000528,15.0,1,00004,2018,2000000121
5100000529,18.0,1,00005,2018,2000000121
5100000530,47.0,1,00006,2018,2000000121
5100000531,30.0,1,00007,2018,2000000121
5100000532,30.0,1,00008,2018,2000000121
5100000533,24.0,1,00009,2018,2000000121
5100000534,24.0,1,00010,2018,2000000121
5100000535,24.0,1,00011,2018,2000000121
5100000536,52537.0,1,00001,2018,2000000122
5100000537,52537.0,1,00001,2018,2000000122
5100000538,52537.0,1,00001,2018,2000000122
5100000539,379.0,1,00001,2018,2000000123
5100000540,66.0,1,00002,2018,2000000123
5100000541,142.0,1,00003,2018,2000000123
5100000542,142.0,1,00004,2018,2000000123
5100000543,34.0,1,00005,2018,2000000123
5100000544,107.0,1,00001,2018,2000000124
5100000545,247.0,1,00002,2018,2000000124
5100000546,185.0,1,00001,2018,2000000126
5100000547,1039.0,1,00002,2018,2000000126
5100000548,283.0,1,00003,2018,2000000126
5100000549,86.0,1,00001,2018,2000000127
5100000550,13163.0,1,00001,2018,2000000128
5100000551,12384.0,1,00001,2018,2000000129
5100000552,44.0,1,00001,2018,2000000130
5100000553,80.0,1,00002,2018,2000000130
5100000554,85.0,1,00001,2018,2000000131
5100000555,30.0,1,00002,2018,2000000131
5100000556,285.0,1,00001,2018,2000000132
5100000557,320.0,1,00001,2018,2000000133
5100000558,29.0,1,00001,2018,2000000134
5100000559,810.0,1,00001,2018,2000000135
5100000560,181.0,1,00002,2018,2000000135
5100000561,46.0,1,00001,2018,2000000137
5100000562,3058.0,1,00001,2018,2000000138
5100000563,282.0,1,00001,2018,2000000139
5100000564,1108.0,1,00001,2018,2000000140
5100000565,62.0,1,00001,2018,2000000141
5100000566,76.0,1,00002,2018,2000000141
5100000567,33.0,1,00003,2018,2000000141
5100000568,5196.0,1,00001,2018,2000000143
5100000569,20.0,1,00001,2018,2000000144
5100000570,526.0,1,00002,2018,2000000144
5100000571,62.0,1,00001,2018,2000000145
5100000572,423.0,1,00001,2018,2000000146
5100000573,67.0,1,00001,2018,2000000147
5100000574,24.0,1,00001,2018,2000000148
5100000575,561.0,1,00001,2018,2000000149
5100000576,82.0,1,00001,2018,2000000150
5100000577,82.0,1,00002,2018,2000000150
5100000578,56.0,1,00003,2018,2000000150
5100000579,56.0,1,00004,2018,2000000150
5100000580,23.0,1,00005,2018,2000000150
5100000581,49.0,1,00006,2018,2000000150
5100000582,19.0,1,00007,2018,2000000150
5100000583,31.0,1,00008,2018,2000000150
5100000584,24.0,1,00009,2018,2000000150
5100000585,3117.0,1,00001,2018,2000000151
5100000586,199.0,1,00001,2018,2000000152
5100000587,55.0,1,00002,2018,2000000152
5100000588,69.0,1,00003,2018,2000000152
5100000589,12.0,1,00004,2018,2000000152
5100000590,3109.0,1,00001,2018,2000000154
5100000591,15.0,1,00001,2018,2000000155
5100000592,389.0,1,00001,2018,2000000156
5100000593,987.0,1,00001,2017,2000000157
5100000594,987.0,1,00002,2017,2000000157
5100000595,997.0,1,00003,2017,2000000157
5100000596,997.0,1,00004,2017,2000000157
5100000597,2039.0,1,00001,2018,2000000158
5100000598,147.0,1,00001,2018,2000000159
5100000599,30.0,1,00001,2018,2000000160
5100000600,54.0,1,00002,2018,2000000160
5100000601,4018.0,1,00001,2018,2000000161
5100000602,39.0,1,00001,2018,2000000162
5100000603,30.0,1,00002,2018,2000000162
5100000604,905.0,1,00001,2018,2000000163
5100000605,1441.0,1,00001,2018,2000000164
5100000606,26.0,1,00001,2018,2000000165
5100000607,675.0,1,00001,2018,2000000166
5100000608,41.0,1,00001,2018,2000000167
5100000609,56.0,1,00002,2018,2000000167
5100000610,101.0,1,00003,2018,2000000167
5100000611,166.0,1,00001,2018,2000000168
5100000612,29.0,1,00002,2018,2000000168
5100000613,44.0,1,00001,2018,2000000169
5100000614,260.0,1,00002,2018,2000000169
5100000615,27.0,1,00003,2018,2000000169
5100000616,746.0,1,00001,2018,2000000170
5100000617,24240.0,1,00001,2018,2000000171
5100000618,111.0,1,00001,2018,2000000172
5100000619,249.0,1,00002,2018,2000000172
5100000620,19.0,1,00001,2018,2000000173
5100000621,5.0,1,00002,2018,2000000173
5100000622,2.0,1,00003,2018,2000000173
5100000623,10.0,1,00004,2018,2000000173
5100000624,107.0,1,00003,2018,2000000174
5100000625,187.0,1,00004,2018,2000000174
5100000626,107.0,1,00005,2018,2000000174
5100000627,187.0,1,00006,2018,2000000174
5100000628,207.0,1,00001,2018,2000000175
5100000629,201.0,1,00002,2018,2000000175
5100000630,389.0,1,00001,2018,2000000176
5100000631,644.0,1,00001,2018,2000000177
5100000632,25.0,1,00002,2018,2000000177
5100000633,753.0,1,00001,2018,2000000178
5100000634,753.0,1,00001,2018,2000000178
5100000635,63.0,1,00002,2018,2000000178
5100000636,376.0,1,00003,2018,2000000178
5100000637,82.0,1,00001,2018,2000000179
5100000638,137.0,1,00001,2018,2000000180
5100000639,88.0,1,00002,2018,2000000180
5100000640,45.0,1,00003,2018,2000000180
5100000641,214.0,1,00001,2018,2000000181
5100000642,165085.0,1,00001,2018,2000000182
5100000643,320.0,1,00001,2018,2000000184
5100000644,122.0,1,00001,2018,2000000185
5100000645,24248.0,1,00001,2018,2000000186
5100000646,24248.0,1,00001,2018,2000000186
5100000647,24248.0,1,00001,2018,2000000186
5100000648,24248.0,1,00001,2018,2000000186
5100000649,24248.0,1,00001,2018,2000000186
5100000650,24248.0,1,00001,2018,2000000186
5100000651,24248.0,1,00001,2018,2000000186
5100000652,41.0,1,00001,2018,2000000187
5100000653,10115.0,1,00001,2018,2000000188
5100000654,226.0,1,00001,2018,2000000189
5100000655,183.0,1,00001,2018,2000000190
5100000656,896.0,1,00001,2018,2000000191
5100000657,13847.0,1,00001,2018,2000000193
5100000658,13847.0,1,00001,2018,2000000193
5100000659,267.0,1,00001,2018,2000000194
5100000660,155.0,1,00001,2018,2000000195
5100000661,33.0,1,00001,2018,2000000196
5100000662,78.0,1,00001,2018,2000000197
5100000663,303.0,1,00002,2018,2000000197
